subject_id,stroop,rt
1,Incongruent,1175.872549019608
1,Neutral,1291.0222222222224
