subject_id,stroop,rt
3,Incongruent,1406.2708333333333
3,Neutral,1426.1886792452829
