subject_id,stroop,rt
4,Incongruent,1261.1891891891892
4,Neutral,1160.1785714285713
